node_id,timestamp,soil_moisture,soil_raw,temperature_bmp,temperature_dht,humidity,pressure,rssi
node_01,2026-04-12T10:20:56+00:00,69.8,2074,22.57,22.68,56.3,1010.1,-55
node_01,2026-04-12T10:35:56+00:00,69.5,2078,23.15,23.19,56.3,1010.0,-72
node_01,2026-04-12T10:50:56+00:00,69.3,2082,23.49,23.31,60.3,1009.7,-56
node_01,2026-04-12T11:05:56+00:00,69.1,2087,23.55,23.25,55.5,1009.4,-78
node_01,2026-04-12T11:20:56+00:00,68.8,2092,24.19,24.3,52.8,1009.3,-72
node_01,2026-04-12T11:35:56+00:00,68.6,2097,24.86,24.94,52.1,1009.3,-67
node_01,2026-04-12T11:50:56+00:00,68.3,2102,24.25,23.88,51.1,1009.3,-66
node_01,2026-04-12T12:05:56+00:00,68.0,2107,25.39,24.94,52.7,1009.0,-67
node_01,2026-04-12T12:20:56+00:00,67.8,2112,24.8,24.86,50.8,1009.2,-69
node_01,2026-04-12T12:35:56+00:00,67.5,2118,26.35,26.13,48.6,1009.3,-64
node_01,2026-04-12T12:50:56+00:00,67.2,2123,25.5,25.65,49.1,1009.2,-70
node_01,2026-04-12T13:05:56+00:00,66.9,2129,25.73,25.91,46.3,1009.5,-61
node_01,2026-04-12T13:20:56+00:00,66.6,2135,26.0,26.62,48.2,1009.0,-58
node_01,2026-04-12T13:35:56+00:00,66.3,2140,26.01,26.47,48.0,1008.9,-77
node_01,2026-04-12T13:50:56+00:00,66.0,2146,26.18,26.4,50.3,1008.8,-72
node_01,2026-04-12T14:05:56+00:00,65.7,2152,26.63,26.42,46.4,1008.8,-63
node_01,2026-04-12T14:20:56+00:00,65.4,2157,25.47,25.53,55.4,1008.6,-71
node_01,2026-04-12T14:35:56+00:00,65.1,2162,26.1,25.79,46.0,1008.6,-60
node_01,2026-04-12T14:50:56+00:00,64.8,2168,25.81,25.8,51.7,1008.9,-76
node_01,2026-04-12T15:05:56+00:00,64.5,2174,25.95,26.09,44.2,1008.9,-57
node_01,2026-04-12T15:20:56+00:00,64.2,2179,25.64,26.32,51.4,1008.4,-62
node_01,2026-04-12T15:35:56+00:00,64.0,2184,25.58,25.42,54.9,1008.7,-75
node_01,2026-04-12T15:50:56+00:00,63.7,2189,25.16,25.59,48.7,1008.7,-75
node_01,2026-04-12T16:05:56+00:00,63.4,2194,25.06,25.07,54.0,1009.0,-55
node_01,2026-04-12T16:20:56+00:00,63.2,2199,24.81,25.41,56.5,1009.2,-69
node_01,2026-04-12T16:35:56+00:00,80.4,1871,24.81,25.09,65.0,1009.3,-62
node_01,2026-04-12T16:50:56+00:00,80.2,1876,24.69,24.71,51.3,1009.2,-69
node_01,2026-04-12T17:05:56+00:00,79.9,1881,23.89,23.84,57.5,1009.1,-76
node_01,2026-04-12T17:20:56+00:00,79.7,1886,23.98,24.29,54.5,1009.3,-61
node_01,2026-04-12T17:35:56+00:00,79.5,1890,23.34,22.86,59.8,1008.9,-61
node_01,2026-04-12T17:50:56+00:00,79.2,1894,22.69,22.4,53.7,1008.8,-57
node_01,2026-04-12T18:05:56+00:00,79.0,1898,21.98,21.97,57.4,1008.7,-71
node_01,2026-04-12T18:20:56+00:00,78.8,1902,21.86,21.72,60.6,1008.5,-78
node_01,2026-04-12T18:35:56+00:00,78.6,1906,21.82,22.47,62.3,1008.5,-68
node_01,2026-04-12T18:50:56+00:00,78.4,1909,21.1,20.91,63.2,1008.5,-74
node_01,2026-04-12T19:05:56+00:00,78.2,1913,20.2,20.1,58.4,1008.3,-63
node_01,2026-04-12T19:20:56+00:00,78.1,1916,19.93,20.11,63.3,1008.5,-65
node_01,2026-04-12T19:35:56+00:00,78.0,1918,18.66,18.8,71.5,1008.8,-58
node_01,2026-04-12T19:50:56+00:00,77.8,1921,19.15,19.66,68.9,1008.6,-71
node_01,2026-04-12T20:05:56+00:00,77.7,1923,18.49,18.64,72.2,1008.7,-64
node_01,2026-04-12T20:20:56+00:00,77.6,1925,17.8,18.01,77.3,1008.3,-61
node_01,2026-04-12T20:35:56+00:00,77.5,1927,17.77,17.76,73.1,1008.3,-76
node_01,2026-04-12T20:50:56+00:00,77.4,1929,17.49,17.79,68.7,1008.4,-72
node_01,2026-04-12T21:05:56+00:00,77.3,1932,16.87,16.89,68.0,1008.4,-66
node_01,2026-04-12T21:20:56+00:00,77.2,1933,15.75,15.83,80.9,1008.2,-55
node_01,2026-04-12T21:35:56+00:00,77.1,1934,15.85,15.68,75.3,1008.2,-69
node_01,2026-04-12T21:50:56+00:00,77.1,1935,14.91,14.8,78.7,1008.2,-68
node_01,2026-04-12T22:05:56+00:00,77.0,1936,14.93,14.92,79.1,1007.8,-73
node_01,2026-04-12T22:20:56+00:00,77.0,1937,14.46,14.37,80.1,1007.8,-76
node_01,2026-04-12T22:35:56+00:00,77.0,1937,13.47,13.9,79.4,1008.1,-71
node_01,2026-04-12T22:50:56+00:00,76.9,1938,13.12,13.34,81.8,1008.4,-60
node_01,2026-04-12T23:05:56+00:00,76.9,1938,11.93,12.39,84.2,1008.5,-71
node_01,2026-04-12T23:20:56+00:00,76.9,1938,12.5,12.24,85.3,1008.3,-76
node_01,2026-04-12T23:35:56+00:00,76.9,1938,12.77,12.71,83.3,1008.2,-61
node_01,2026-04-12T23:50:56+00:00,76.9,1938,12.0,11.75,87.3,1008.6,-71
node_01,2026-04-13T00:05:56+00:00,76.9,1938,11.51,11.11,87.5,1008.8,-59
node_01,2026-04-13T00:20:56+00:00,76.9,1938,12.17,12.09,84.0,1008.5,-61
node_01,2026-04-13T00:35:56+00:00,76.9,1938,11.08,11.02,91.5,1008.6,-75
node_01,2026-04-13T00:50:56+00:00,76.9,1938,11.6,11.8,82.8,1008.7,-72
node_01,2026-04-13T01:05:56+00:00,76.9,1938,10.91,10.74,85.7,1008.6,-63
node_01,2026-04-13T01:20:56+00:00,76.9,1938,10.87,11.0,94.4,1008.8,-70
node_01,2026-04-13T01:35:56+00:00,76.9,1938,11.16,11.77,87.8,1009.2,-73
node_01,2026-04-13T01:50:56+00:00,76.9,1938,10.75,10.77,84.3,1009.2,-76
node_01,2026-04-13T02:05:56+00:00,76.9,1938,11.37,11.43,85.0,1009.2,-67
node_01,2026-04-13T02:20:56+00:00,76.9,1938,10.63,10.82,87.6,1009.3,-77
node_01,2026-04-13T02:35:56+00:00,76.9,1938,11.13,11.27,86.0,1009.3,-61
node_01,2026-04-13T02:50:56+00:00,76.9,1938,11.32,11.2,84.7,1009.3,-71
node_01,2026-04-13T03:05:56+00:00,76.9,1938,11.88,11.3,79.1,1009.4,-78
node_01,2026-04-13T03:20:56+00:00,76.9,1938,11.72,11.42,91.9,1009.5,-57
node_01,2026-04-13T03:35:56+00:00,76.9,1938,12.02,12.54,80.8,1009.4,-75
node_01,2026-04-13T03:50:56+00:00,76.9,1938,11.7,11.73,86.3,1009.3,-64
node_01,2026-04-13T04:05:56+00:00,76.9,1938,11.61,11.46,90.5,1009.4,-57
node_01,2026-04-13T04:20:56+00:00,76.9,1938,12.47,11.88,86.3,1009.7,-70
node_01,2026-04-13T04:35:56+00:00,76.9,1938,12.39,11.87,86.9,1009.6,-68
node_01,2026-04-13T04:50:56+00:00,76.9,1938,13.21,13.18,81.4,1009.7,-70
node_01,2026-04-13T05:05:56+00:00,76.9,1939,13.93,14.36,81.1,1009.5,-65
node_01,2026-04-13T05:20:56+00:00,76.8,1940,13.43,13.69,79.2,1009.3,-70
node_01,2026-04-13T05:35:56+00:00,76.8,1940,14.64,14.58,79.3,1008.9,-57
node_01,2026-04-13T05:50:56+00:00,76.7,1942,14.55,14.3,73.8,1008.8,-76
node_01,2026-04-13T06:05:56+00:00,76.7,1943,15.99,15.68,72.9,1008.6,-75
node_01,2026-04-13T06:20:56+00:00,76.6,1944,15.56,15.84,73.6,1008.6,-66
node_01,2026-04-13T06:35:56+00:00,76.5,1946,15.95,16.36,71.5,1008.7,-66
node_01,2026-04-13T06:50:56+00:00,76.4,1948,16.24,16.07,68.6,1008.5,-61
node_01,2026-04-13T07:05:56+00:00,76.3,1950,17.31,17.82,69.5,1008.6,-59
node_01,2026-04-13T07:20:56+00:00,76.2,1952,17.41,17.48,68.7,1008.5,-63
node_01,2026-04-13T07:35:56+00:00,76.0,1955,18.47,18.03,61.5,1008.5,-69
node_01,2026-04-13T07:50:56+00:00,75.9,1957,18.16,18.64,69.2,1008.3,-71
node_01,2026-04-13T08:05:56+00:00,75.8,1960,19.13,19.19,65.3,1008.3,-71
node_01,2026-04-13T08:20:56+00:00,75.6,1963,20.34,20.02,63.7,1008.3,-58
node_01,2026-04-13T08:35:56+00:00,75.4,1967,19.76,19.97,63.4,1008.2,-74
node_01,2026-04-13T08:50:56+00:00,75.2,1970,20.83,20.32,62.7,1008.2,-75
node_01,2026-04-13T09:05:56+00:00,75.0,1974,21.43,20.99,59.4,1008.3,-64
node_01,2026-04-13T09:20:56+00:00,74.8,1978,22.17,21.9,60.3,1008.4,-64
node_01,2026-04-13T09:35:56+00:00,74.6,1982,21.8,21.38,52.8,1008.0,-64
node_01,2026-04-13T09:50:56+00:00,74.4,1986,22.38,22.37,55.9,1007.6,-61
node_01,2026-04-13T10:05:56+00:00,74.2,1990,23.12,22.86,57.8,1007.8,-71
node_01,2026-04-13T10:20:56+00:00,73.9,1995,23.96,23.62,53.1,1007.8,-71
node_01,2026-04-13T10:35:56+00:00,73.7,2000,24.2,24.43,55.7,1007.8,-68
node_01,2026-04-13T10:50:56+00:00,73.4,2005,24.76,25.0,52.3,1007.9,-74
node_01,2026-04-13T11:05:56+00:00,73.1,2010,24.98,25.18,51.5,1007.7,-65
node_01,2026-04-13T11:20:56+00:00,72.8,2016,26.08,26.41,52.0,1007.4,-56
node_01,2026-04-13T11:35:56+00:00,72.5,2021,26.53,26.38,49.4,1007.2,-67
node_01,2026-04-13T11:50:56+00:00,72.3,2027,25.9,25.54,53.1,1007.5,-61
node_01,2026-04-13T12:05:56+00:00,72.0,2032,26.29,26.17,45.5,1007.4,-71
node_01,2026-04-13T12:20:56+00:00,71.7,2038,26.48,26.77,52.2,1007.2,-66
node_01,2026-04-13T12:35:56+00:00,71.3,2044,26.64,26.24,42.7,1007.6,-61
node_01,2026-04-13T12:50:56+00:00,71.0,2050,27.35,27.32,47.1,1007.6,-58
node_01,2026-04-13T13:05:56+00:00,70.7,2056,26.38,26.6,51.7,1007.7,-68
node_01,2026-04-13T13:20:56+00:00,70.4,2061,27.31,27.02,49.3,1007.7,-65
node_01,2026-04-13T13:35:56+00:00,70.1,2067,27.31,27.36,48.0,1007.9,-67
node_01,2026-04-13T13:50:56+00:00,69.8,2073,27.39,27.37,47.6,1008.0,-78
node_01,2026-04-13T14:05:56+00:00,69.5,2080,27.64,27.66,45.3,1008.1,-74
node_01,2026-04-13T14:20:56+00:00,80.8,1864,27.18,27.07,62.3,1008.3,-59
node_01,2026-04-13T14:35:56+00:00,80.5,1870,26.8,27.17,44.9,1008.6,-75
node_01,2026-04-13T14:50:56+00:00,80.2,1875,26.43,26.13,45.7,1008.2,-56
node_01,2026-04-13T15:05:56+00:00,79.9,1881,27.29,27.09,50.6,1008.3,-69
node_01,2026-04-13T15:20:56+00:00,79.6,1887,27.29,27.88,43.5,1008.7,-77
node_01,2026-04-13T15:35:56+00:00,79.3,1893,26.54,26.8,51.2,1008.5,-68
node_01,2026-04-13T15:50:56+00:00,79.0,1899,26.99,27.01,47.8,1008.3,-67
node_01,2026-04-13T16:05:56+00:00,78.7,1905,25.83,25.52,46.2,1008.3,-55
node_01,2026-04-13T16:20:56+00:00,78.4,1910,25.48,25.03,50.7,1007.9,-63
node_01,2026-04-13T16:35:56+00:00,78.1,1915,25.02,24.88,53.7,1007.8,-71
node_01,2026-04-13T16:50:56+00:00,77.9,1920,25.51,25.35,50.1,1007.9,-64
node_01,2026-04-13T17:05:56+00:00,77.6,1925,24.53,24.83,51.8,1007.8,-68
node_01,2026-04-13T17:20:56+00:00,77.3,1930,24.81,24.55,54.9,1007.8,-59
node_01,2026-04-13T17:35:56+00:00,77.1,1935,24.2,24.24,52.2,1008.3,-76
node_01,2026-04-13T17:50:56+00:00,76.8,1940,23.9,23.82,58.3,1008.2,-63
node_01,2026-04-13T18:05:56+00:00,76.6,1944,23.15,23.02,54.4,1008.2,-71
node_01,2026-04-13T18:20:56+00:00,76.4,1948,22.73,22.49,59.4,1008.1,-61
node_01,2026-04-13T18:35:56+00:00,76.2,1952,22.1,21.83,59.1,1008.1,-56
node_01,2026-04-13T18:50:56+00:00,76.0,1956,21.7,22.18,61.5,1008.1,-68
node_01,2026-04-13T19:05:56+00:00,75.8,1960,21.9,21.71,62.8,1008.1,-72
node_01,2026-04-13T19:20:56+00:00,75.6,1963,21.02,20.75,60.1,1007.8,-59
node_01,2026-04-13T19:35:56+00:00,75.4,1967,20.5,20.7,65.1,1007.9,-73
node_01,2026-04-13T19:50:56+00:00,75.3,1969,19.82,19.89,69.9,1007.9,-77
node_01,2026-04-13T20:05:56+00:00,75.1,1972,18.93,19.36,66.2,1008.2,-63
node_01,2026-04-13T20:20:56+00:00,75.0,1975,19.05,19.39,67.7,1008.2,-68
node_01,2026-04-13T20:35:56+00:00,74.9,1977,18.55,18.42,69.5,1008.4,-76
node_01,2026-04-13T20:50:56+00:00,74.7,1979,17.87,17.79,71.0,1008.3,-74
node_01,2026-04-13T21:05:56+00:00,74.6,1982,17.86,17.98,63.5,1008.5,-61
node_01,2026-04-13T21:20:56+00:00,74.5,1984,17.06,16.86,68.3,1008.5,-62
node_01,2026-04-13T21:35:56+00:00,74.4,1985,15.9,16.28,79.7,1008.4,-65
node_01,2026-04-13T21:50:56+00:00,74.4,1987,15.89,15.58,79.2,1008.2,-72
node_01,2026-04-13T22:05:56+00:00,74.3,1988,15.42,15.52,74.8,1008.3,-61
node_01,2026-04-13T22:20:56+00:00,74.2,1989,15.24,15.36,77.0,1008.0,-69
node_01,2026-04-13T22:35:56+00:00,74.2,1990,15.13,15.71,77.7,1008.0,-76
node_01,2026-04-13T22:50:56+00:00,74.1,1991,14.07,13.66,73.5,1008.0,-57
node_01,2026-04-13T23:05:56+00:00,74.1,1992,14.15,14.29,77.8,1008.1,-74
node_01,2026-04-13T23:20:56+00:00,74.0,1993,14.35,14.43,76.1,1008.2,-69
node_01,2026-04-13T23:35:56+00:00,74.0,1993,12.79,12.64,79.9,1008.4,-64
node_01,2026-04-13T23:50:56+00:00,74.0,1994,12.89,12.77,78.5,1008.7,-63
node_01,2026-04-14T00:05:56+00:00,74.0,1994,12.37,12.06,85.6,1008.9,-59
node_01,2026-04-14T00:20:56+00:00,74.0,1994,12.65,12.51,84.7,1009.3,-60
node_01,2026-04-14T00:35:56+00:00,74.0,1994,12.39,11.83,83.7,1009.3,-60
node_01,2026-04-14T00:50:56+00:00,74.0,1994,12.95,13.03,83.9,1009.0,-70
node_01,2026-04-14T01:05:56+00:00,74.0,1994,12.39,12.13,87.6,1008.9,-76
node_01,2026-04-14T01:20:56+00:00,74.0,1994,11.67,11.8,86.4,1008.8,-73
node_01,2026-04-14T01:35:56+00:00,74.0,1994,11.71,12.42,89.8,1008.7,-61
node_01,2026-04-14T01:50:56+00:00,74.0,1994,12.15,12.3,84.9,1008.7,-66
node_01,2026-04-14T02:05:56+00:00,74.0,1994,12.48,12.49,79.6,1009.1,-64
node_01,2026-04-14T02:20:56+00:00,74.0,1994,11.81,12.19,86.5,1008.9,-58
node_01,2026-04-14T02:35:56+00:00,74.0,1994,11.98,12.14,85.4,1008.9,-69
node_01,2026-04-14T02:50:56+00:00,74.0,1994,11.64,12.2,87.7,1009.3,-59
node_01,2026-04-14T03:05:56+00:00,74.0,1994,12.55,12.6,79.1,1009.3,-65
node_01,2026-04-14T03:20:56+00:00,73.9,1995,13.57,13.4,86.2,1009.5,-75
node_01,2026-04-14T03:35:56+00:00,73.9,1995,12.6,12.5,82.1,1009.6,-56
node_01,2026-04-14T03:50:56+00:00,73.9,1995,12.87,12.84,88.5,1009.8,-61
node_01,2026-04-14T04:05:56+00:00,73.9,1995,13.41,13.12,83.0,1009.5,-74
node_01,2026-04-14T04:20:56+00:00,73.9,1996,13.76,13.46,78.8,1009.5,-62
node_01,2026-04-14T04:35:56+00:00,73.8,1996,13.87,13.3,80.5,1009.5,-60
node_01,2026-04-14T04:50:56+00:00,73.8,1997,14.69,14.99,78.2,1009.6,-67
node_01,2026-04-14T05:05:56+00:00,73.8,1998,14.27,14.76,83.7,1009.3,-72
node_01,2026-04-14T05:20:56+00:00,73.7,1999,15.3,15.7,76.5,1009.0,-65
node_01,2026-04-14T05:35:56+00:00,73.6,2001,16.07,15.54,76.2,1008.9,-66
node_01,2026-04-14T05:50:56+00:00,73.5,2002,16.58,16.44,73.2,1008.8,-77
node_01,2026-04-14T06:05:56+00:00,73.5,2004,17.07,17.19,77.9,1008.8,-64
node_01,2026-04-14T06:20:56+00:00,73.4,2006,17.53,17.55,75.0,1008.9,-58
node_01,2026-04-14T06:35:56+00:00,73.2,2008,17.47,17.24,71.1,1008.9,-59
node_01,2026-04-14T06:50:56+00:00,73.1,2010,17.62,17.14,66.9,1009.2,-61
node_01,2026-04-14T07:05:56+00:00,73.0,2012,18.08,17.58,71.6,1009.1,-61
node_01,2026-04-14T07:20:56+00:00,72.9,2015,19.01,18.51,67.7,1008.8,-71
node_01,2026-04-14T07:35:56+00:00,72.7,2018,19.38,19.63,63.3,1009.0,-75
node_01,2026-04-14T07:50:56+00:00,72.6,2021,19.35,19.3,68.2,1009.1,-77
node_01,2026-04-14T08:05:56+00:00,72.4,2024,20.36,20.65,66.9,1009.2,-60
node_01,2026-04-14T08:20:56+00:00,72.2,2028,20.89,21.26,61.0,1009.4,-66
node_01,2026-04-14T08:35:56+00:00,72.0,2031,21.31,21.23,60.2,1009.4,-64
node_01,2026-04-14T08:50:56+00:00,71.8,2035,21.77,21.21,58.0,1009.2,-64
node_01,2026-04-14T09:05:56+00:00,71.6,2040,23.07,23.34,54.7,1009.4,-67
node_01,2026-04-14T09:20:56+00:00,71.3,2044,23.42,23.31,56.2,1009.6,-64
node_01,2026-04-14T09:35:56+00:00,71.1,2049,23.73,23.96,54.0,1009.5,-71
node_01,2026-04-14T09:50:56+00:00,70.9,2053,23.79,24.24,57.4,1009.4,-78
node_01,2026-04-14T10:05:56+00:00,70.6,2058,25.12,25.5,51.6,1009.3,-57
node_01,2026-04-14T10:20:56+00:00,70.3,2064,25.18,24.92,44.1,1009.6,-69
node_01,2026-04-14T10:35:56+00:00,70.0,2069,25.47,25.27,49.2,1009.7,-72
node_01,2026-04-14T10:50:56+00:00,69.7,2075,25.39,24.96,48.4,1009.6,-74
node_01,2026-04-14T11:05:56+00:00,69.4,2080,25.62,25.41,46.3,1009.5,-64
node_01,2026-04-14T11:20:56+00:00,69.1,2086,26.95,27.43,48.2,1009.8,-68
node_01,2026-04-14T11:35:56+00:00,68.8,2092,26.91,27.19,45.9,1010.0,-67
node_01,2026-04-14T11:50:56+00:00,68.5,2098,26.35,26.15,47.8,1010.1,-63
node_01,2026-04-14T12:05:56+00:00,68.2,2104,27.83,27.43,44.9,1010.3,-64
node_01,2026-04-14T12:20:56+00:00,67.8,2111,27.96,27.84,44.7,1010.7,-55
node_01,2026-04-14T12:35:56+00:00,67.5,2117,27.78,27.47,42.9,1010.8,-76
node_01,2026-04-14T12:50:56+00:00,67.2,2123,28.17,28.1,44.1,1010.6,-57
node_01,2026-04-14T13:05:56+00:00,66.8,2130,28.31,28.6,41.9,1010.4,-67
node_01,2026-04-14T13:20:56+00:00,66.5,2136,28.66,28.75,44.7,1010.8,-61
node_01,2026-04-14T13:35:56+00:00,66.2,2143,28.26,27.92,48.0,1010.7,-64
node_01,2026-04-14T13:50:56+00:00,65.8,2149,28.85,28.94,41.5,1010.6,-77
node_01,2026-04-14T14:05:56+00:00,65.5,2156,28.43,28.79,47.2,1010.9,-74
node_01,2026-04-14T14:20:56+00:00,65.1,2162,28.27,28.13,46.2,1011.2,-61
node_01,2026-04-14T14:35:56+00:00,64.8,2168,27.94,28.2,47.5,1011.3,-75
node_01,2026-04-14T14:50:56+00:00,64.4,2175,28.71,28.62,39.6,1011.5,-56
node_01,2026-04-14T15:05:56+00:00,64.1,2181,28.02,27.84,47.3,1011.8,-75
node_01,2026-04-14T15:20:56+00:00,63.8,2188,28.55,28.3,43.3,1012.1,-77
node_01,2026-04-14T15:35:56+00:00,63.5,2194,27.78,28.18,46.7,1012.4,-64
node_01,2026-04-14T15:50:56+00:00,63.1,2200,28.0,27.39,46.1,1012.0,-77
node_01,2026-04-14T16:05:56+00:00,62.8,2206,27.6,27.87,43.8,1012.2,-76
node_01,2026-04-14T16:20:56+00:00,62.5,2213,27.5,27.21,42.9,1011.9,-71
node_01,2026-04-14T16:35:56+00:00,62.2,2218,26.84,26.83,49.4,1011.9,-74
node_01,2026-04-14T16:50:56+00:00,61.8,2224,27.12,26.98,46.9,1011.9,-78
node_01,2026-04-14T17:05:56+00:00,61.5,2230,26.52,26.14,50.8,1012.0,-78
node_01,2026-04-14T17:20:56+00:00,61.3,2236,25.95,25.59,51.0,1012.0,-55
node_01,2026-04-14T17:35:56+00:00,61.0,2241,25.89,26.2,51.5,1011.8,-64
node_01,2026-04-14T17:50:56+00:00,60.7,2246,24.11,24.25,54.6,1012.1,-57
node_01,2026-04-14T18:05:56+00:00,60.5,2250,24.2,24.17,54.1,1012.2,-63
node_01,2026-04-14T18:20:56+00:00,60.2,2255,24.42,24.72,51.4,1012.4,-64
node_01,2026-04-14T18:35:56+00:00,60.0,2260,23.86,23.79,55.9,1012.4,-70
node_01,2026-04-14T18:50:56+00:00,59.7,2264,22.85,22.57,55.1,1012.3,-59
node_01,2026-04-14T19:05:56+00:00,59.5,2269,22.31,22.22,58.6,1012.3,-56
node_01,2026-04-14T19:20:56+00:00,59.3,2273,22.68,22.41,61.2,1012.5,-72
node_01,2026-04-14T19:35:56+00:00,59.1,2276,20.98,21.27,65.2,1012.1,-66
node_01,2026-04-14T19:50:56+00:00,59.0,2279,21.07,21.27,63.0,1011.9,-67
node_01,2026-04-14T20:05:56+00:00,58.8,2283,21.3,21.32,60.4,1011.8,-76
node_01,2026-04-14T20:20:56+00:00,58.6,2286,20.35,19.81,64.9,1011.8,-61
node_01,2026-04-14T20:35:56+00:00,58.4,2289,20.63,20.46,66.2,1011.5,-65
node_01,2026-04-14T20:50:56+00:00,58.3,2292,18.83,18.23,71.4,1011.5,-55
node_01,2026-04-14T21:05:56+00:00,58.2,2295,19.01,19.14,68.3,1011.4,-62
node_01,2026-04-14T21:20:56+00:00,58.0,2297,18.35,18.49,73.4,1011.5,-61
node_01,2026-04-14T21:35:56+00:00,57.9,2299,17.28,17.04,75.6,1011.1,-61
node_01,2026-04-14T21:50:56+00:00,57.8,2301,18.01,17.73,69.1,1010.9,-78
node_01,2026-04-14T22:05:56+00:00,57.7,2303,16.38,16.32,71.3,1010.9,-70
node_01,2026-04-14T22:20:56+00:00,57.6,2304,16.31,16.34,71.8,1010.9,-74
node_01,2026-04-14T22:35:56+00:00,57.6,2306,15.63,15.97,74.7,1011.1,-78
node_01,2026-04-14T22:50:56+00:00,57.5,2307,16.03,16.26,76.9,1010.9,-73
node_01,2026-04-14T23:05:56+00:00,57.4,2308,14.82,14.44,81.4,1011.0,-76
node_01,2026-04-14T23:20:56+00:00,57.4,2309,15.09,15.0,76.1,1011.0,-76
node_01,2026-04-14T23:35:56+00:00,57.3,2310,14.53,14.56,83.1,1010.7,-70
node_01,2026-04-14T23:50:56+00:00,57.3,2311,14.43,14.55,82.4,1010.7,-57
node_01,2026-04-15T00:05:56+00:00,57.3,2311,13.87,13.79,77.2,1010.7,-66
node_01,2026-04-15T00:20:56+00:00,57.2,2312,13.98,14.68,79.9,1010.8,-74
node_01,2026-04-15T00:35:56+00:00,57.2,2313,13.69,13.93,78.3,1011.0,-65
node_01,2026-04-15T00:50:56+00:00,57.2,2313,13.67,13.33,83.4,1010.9,-57
node_01,2026-04-15T01:05:56+00:00,57.2,2313,13.42,13.35,80.4,1010.9,-78
node_01,2026-04-15T01:20:56+00:00,57.1,2314,13.12,13.41,82.5,1010.9,-66
node_01,2026-04-15T01:35:56+00:00,57.1,2314,13.11,13.15,79.2,1010.9,-68
node_01,2026-04-15T01:50:56+00:00,57.1,2314,13.64,13.75,87.3,1010.6,-67
node_01,2026-04-15T02:05:56+00:00,57.1,2315,13.85,14.25,83.4,1010.6,-62
node_01,2026-04-15T02:20:56+00:00,57.1,2315,13.94,13.73,83.0,1010.6,-73
node_01,2026-04-15T02:35:56+00:00,57.0,2316,13.81,13.77,82.4,1010.5,-67
node_01,2026-04-15T02:50:56+00:00,57.0,2316,12.82,12.68,89.0,1010.4,-75
node_01,2026-04-15T03:05:56+00:00,57.0,2316,13.72,13.41,82.3,1010.1,-58
node_01,2026-04-15T03:20:56+00:00,57.0,2317,14.61,14.37,81.8,1010.0,-60
node_01,2026-04-15T03:35:56+00:00,56.9,2318,13.97,13.79,76.8,1010.2,-58
node_01,2026-04-15T03:50:56+00:00,56.9,2319,14.53,14.48,78.4,1010.4,-64
node_01,2026-04-15T04:05:56+00:00,56.8,2320,14.84,15.07,79.2,1010.3,-77
node_01,2026-04-15T04:20:56+00:00,56.8,2321,14.65,14.67,79.3,1010.3,-67
node_01,2026-04-15T04:35:56+00:00,56.7,2322,15.15,14.71,76.1,1010.5,-59
node_01,2026-04-15T04:50:56+00:00,56.7,2323,15.1,14.74,75.6,1010.1,-55
node_01,2026-04-15T05:05:56+00:00,56.6,2325,16.15,15.75,72.6,1010.2,-68
node_01,2026-04-15T05:20:56+00:00,56.5,2326,15.83,15.75,73.2,1010.4,-68
node_01,2026-04-15T05:35:56+00:00,56.4,2328,16.8,16.73,72.9,1010.4,-56
node_01,2026-04-15T05:50:56+00:00,56.3,2330,16.68,16.65,74.5,1010.3,-67
node_01,2026-04-15T06:05:56+00:00,56.2,2332,17.88,17.44,68.8,1010.3,-77
node_01,2026-04-15T06:20:56+00:00,56.1,2334,18.16,18.21,65.4,1010.4,-57
node_01,2026-04-15T06:35:56+00:00,55.9,2337,18.28,17.66,70.8,1010.7,-59
node_01,2026-04-15T06:50:56+00:00,55.8,2340,19.27,19.19,64.9,1010.6,-67
node_01,2026-04-15T07:05:56+00:00,55.6,2342,19.32,19.19,70.8,1010.5,-56
node_01,2026-04-15T07:20:56+00:00,55.5,2346,20.38,20.75,63.1,1010.3,-74
node_01,2026-04-15T07:35:56+00:00,55.3,2349,20.23,19.77,59.5,1010.3,-62
node_01,2026-04-15T07:50:56+00:00,55.1,2353,21.62,21.62,63.4,1010.2,-69
node_01,2026-04-15T08:05:56+00:00,54.9,2356,21.78,21.67,62.4,1010.4,-71
node_01,2026-04-15T08:20:56+00:00,54.7,2360,22.43,22.94,58.9,1010.3,-62
node_01,2026-04-15T08:35:56+00:00,54.5,2365,22.83,22.77,52.3,1010.4,-68
node_01,2026-04-15T08:50:56+00:00,54.2,2370,23.65,23.55,53.0,1010.3,-73
node_01,2026-04-15T09:05:56+00:00,53.9,2375,24.11,23.94,50.2,1010.3,-64
node_01,2026-04-15T09:20:56+00:00,53.7,2380,24.65,23.87,54.1,1010.2,-59
node_01,2026-04-15T09:35:56+00:00,53.4,2384,24.64,24.76,58.3,1010.0,-69
node_01,2026-04-15T09:50:56+00:00,53.1,2390,25.95,25.84,49.0,1010.1,-57
node_01,2026-04-15T10:05:56+00:00,52.8,2396,26.83,26.89,45.1,1010.0,-66
node_01,2026-04-15T10:20:56+00:00,52.5,2401,25.77,25.94,50.5,1010.0,-59
node_01,2026-04-15T10:35:56+00:00,52.2,2407,26.82,26.34,49.7,1009.8,-61
node_01,2026-04-15T10:50:56+00:00,51.9,2413,27.61,27.59,44.1,1009.7,-76
node_01,2026-04-15T11:05:56+00:00,51.6,2419,27.44,27.35,44.0,1009.8,-65
node_01,2026-04-15T11:20:56+00:00,51.2,2426,28.52,27.95,47.3,1009.9,-78
node_01,2026-04-15T11:35:56+00:00,50.9,2432,27.77,27.98,47.1,1009.8,-76
node_01,2026-04-15T11:50:56+00:00,50.6,2438,28.35,28.11,44.6,1010.1,-58
node_01,2026-04-15T12:05:56+00:00,50.2,2445,28.59,28.75,45.0,1010.6,-63
node_01,2026-04-15T12:20:56+00:00,49.9,2452,28.88,28.56,41.3,1010.5,-78
node_01,2026-04-15T12:35:56+00:00,49.5,2458,29.23,29.4,41.6,1010.5,-55
node_01,2026-04-15T12:50:56+00:00,49.2,2465,29.03,28.81,40.4,1010.6,-75
node_01,2026-04-15T13:05:56+00:00,48.8,2472,29.91,29.59,41.2,1010.6,-75
node_01,2026-04-15T13:20:56+00:00,48.4,2480,29.87,29.78,37.3,1010.3,-60
node_01,2026-04-15T13:35:56+00:00,48.1,2486,29.73,29.9,42.4,1010.1,-71
node_01,2026-04-15T13:50:56+00:00,47.7,2493,29.53,29.22,40.3,1010.0,-67
node_01,2026-04-15T14:05:56+00:00,47.3,2501,30.23,30.19,40.9,1009.4,-61
node_01,2026-04-15T14:20:56+00:00,46.9,2508,30.58,30.66,39.3,1009.6,-67
node_01,2026-04-15T14:35:56+00:00,46.6,2515,29.72,29.45,41.2,1009.6,-55
node_01,2026-04-15T14:50:56+00:00,46.2,2522,29.53,29.28,40.0,1009.3,-74
node_01,2026-04-15T15:05:56+00:00,45.8,2529,30.0,29.83,41.0,1009.4,-57
node_01,2026-04-15T15:20:56+00:00,45.5,2536,28.77,28.36,44.1,1009.1,-76
node_01,2026-04-15T15:35:56+00:00,45.1,2543,28.98,29.03,35.5,1009.3,-72
node_01,2026-04-15T15:50:56+00:00,44.7,2549,29.23,29.51,40.2,1009.2,-61
node_01,2026-04-15T16:05:56+00:00,44.4,2556,28.62,28.42,43.6,1009.1,-77
node_01,2026-04-15T16:20:56+00:00,44.0,2563,28.69,28.89,41.3,1009.2,-66
node_01,2026-04-15T16:35:56+00:00,43.7,2569,28.12,28.64,38.4,1008.8,-63
node_01,2026-04-15T16:50:56+00:00,43.4,2576,27.69,27.46,43.1,1008.9,-76
node_01,2026-04-15T17:05:56+00:00,43.0,2582,27.45,27.11,45.2,1008.6,-61
node_01,2026-04-15T17:20:56+00:00,42.7,2588,27.04,27.26,48.7,1008.5,-64
node_01,2026-04-15T17:35:56+00:00,42.4,2593,26.36,26.1,47.2,1008.4,-77
node_01,2026-04-15T17:50:56+00:00,42.1,2599,26.15,25.93,43.1,1008.2,-58
node_01,2026-04-15T18:05:56+00:00,41.8,2605,26.8,26.99,47.1,1008.5,-67
node_01,2026-04-15T18:20:56+00:00,41.5,2610,24.72,24.78,52.8,1008.5,-59
node_01,2026-04-15T18:35:56+00:00,41.3,2615,24.72,24.88,50.3,1008.6,-58
node_01,2026-04-15T18:50:56+00:00,41.0,2620,24.17,24.0,56.8,1008.4,-57
node_01,2026-04-15T19:05:56+00:00,40.8,2625,23.57,23.61,57.0,1008.3,-74
node_01,2026-04-15T19:20:56+00:00,40.6,2629,23.04,22.86,56.8,1008.2,-75
node_01,2026-04-15T19:35:56+00:00,40.3,2633,23.19,23.11,57.3,1007.8,-75
node_01,2026-04-15T19:50:56+00:00,40.1,2637,22.4,22.73,61.3,1007.1,-69
node_01,2026-04-15T20:05:56+00:00,39.9,2641,21.41,21.57,51.2,1007.2,-76
node_01,2026-04-15T20:20:56+00:00,39.7,2645,20.59,20.63,65.4,1007.1,-57
node_01,2026-04-15T20:35:56+00:00,39.5,2649,22.05,21.64,58.1,1006.9,-61
node_01,2026-04-15T20:50:56+00:00,39.4,2652,19.58,19.2,64.4,1007.1,-56
node_01,2026-04-15T21:05:56+00:00,39.2,2655,19.44,19.43,62.3,1007.0,-72
node_01,2026-04-15T21:20:56+00:00,39.0,2658,19.49,19.5,64.1,1006.8,-60
node_01,2026-04-15T21:35:56+00:00,38.9,2660,18.45,18.32,72.8,1006.6,-76
node_01,2026-04-15T21:50:56+00:00,38.8,2662,18.85,18.52,69.1,1006.5,-65
node_01,2026-04-15T22:05:56+00:00,38.7,2665,18.13,18.49,64.1,1007.0,-58
node_01,2026-04-15T22:20:56+00:00,38.5,2667,18.01,17.99,71.5,1006.9,-61
node_01,2026-04-15T22:35:56+00:00,38.4,2669,17.04,16.98,70.9,1007.1,-77
node_01,2026-04-15T22:50:56+00:00,38.3,2671,17.06,17.22,69.2,1007.1,-56
node_01,2026-04-15T23:05:56+00:00,38.3,2673,16.61,16.58,80.7,1006.9,-76
node_01,2026-04-15T23:20:56+00:00,38.2,2674,16.12,16.07,79.0,1006.8,-69
node_01,2026-04-15T23:35:56+00:00,38.1,2675,15.68,15.37,74.9,1006.6,-60
node_01,2026-04-15T23:50:56+00:00,38.1,2677,15.86,15.46,79.0,1006.6,-60
node_01,2026-04-16T00:05:56+00:00,38.0,2678,16.05,16.4,76.4,1007.0,-60
node_01,2026-04-16T00:20:56+00:00,37.9,2679,15.02,14.84,79.5,1006.8,-78
node_01,2026-04-16T00:35:56+00:00,37.9,2680,14.29,15.02,79.3,1006.6,-63
node_01,2026-04-16T00:50:56+00:00,37.8,2680,14.72,14.9,83.6,1006.5,-56
node_01,2026-04-16T01:05:56+00:00,37.8,2681,14.97,14.99,78.8,1006.3,-59
node_01,2026-04-16T01:20:56+00:00,37.7,2682,14.96,15.77,82.3,1006.1,-67
node_01,2026-04-16T01:35:56+00:00,37.7,2683,14.62,14.9,78.2,1005.9,-68
node_01,2026-04-16T01:50:56+00:00,37.7,2684,14.39,14.44,80.5,1005.8,-77
node_01,2026-04-16T02:05:56+00:00,37.6,2685,14.29,14.14,82.1,1005.7,-73
node_01,2026-04-16T02:20:56+00:00,37.6,2686,14.79,14.6,71.6,1005.7,-73
node_01,2026-04-16T02:35:56+00:00,37.5,2687,14.02,14.03,80.0,1005.5,-78
node_01,2026-04-16T02:50:56+00:00,37.5,2688,14.95,15.01,79.2,1005.3,-60
node_01,2026-04-16T03:05:56+00:00,37.4,2688,14.68,14.7,79.1,1004.9,-58
node_01,2026-04-16T03:20:56+00:00,37.4,2690,14.78,14.79,75.9,1005.0,-74
node_01,2026-04-16T03:35:56+00:00,37.3,2691,15.62,15.33,72.7,1005.0,-66
node_01,2026-04-16T03:50:56+00:00,37.2,2692,15.87,16.05,76.6,1004.9,-66
node_01,2026-04-16T04:05:56+00:00,37.2,2693,14.97,15.85,77.4,1004.8,-57
node_01,2026-04-16T04:20:56+00:00,37.1,2695,15.79,15.95,74.5,1005.0,-68
node_01,2026-04-16T04:35:56+00:00,37.0,2696,15.92,16.24,74.2,1005.2,-66
node_01,2026-04-16T04:50:56+00:00,36.9,2698,16.5,16.71,73.7,1005.3,-63
node_01,2026-04-16T05:05:56+00:00,36.8,2700,16.78,16.68,72.8,1005.4,-59
node_01,2026-04-16T05:20:56+00:00,36.7,2702,17.24,16.86,74.6,1005.1,-60
node_01,2026-04-16T05:35:56+00:00,36.6,2703,17.44,17.35,76.2,1004.8,-69
node_01,2026-04-16T05:50:56+00:00,36.5,2706,18.2,18.33,69.6,1004.7,-65
node_01,2026-04-16T06:05:56+00:00,36.4,2708,18.12,17.67,67.0,1004.7,-78
node_01,2026-04-16T06:20:56+00:00,36.2,2711,18.96,18.3,66.2,1004.4,-60
node_01,2026-04-16T06:35:56+00:00,36.1,2714,19.15,19.06,64.9,1004.3,-58
node_01,2026-04-16T06:50:56+00:00,35.9,2717,20.1,20.48,59.7,1004.0,-71
node_01,2026-04-16T07:05:56+00:00,35.7,2721,21.69,21.73,62.2,1004.0,-68
node_01,2026-04-16T07:20:56+00:00,35.5,2724,20.9,21.24,64.3,1004.1,-59
node_01,2026-04-16T07:35:56+00:00,35.3,2729,22.5,22.4,55.8,1004.1,-74
node_01,2026-04-16T07:50:56+00:00,35.1,2732,21.82,21.81,60.0,1004.3,-66
node_01,2026-04-16T08:05:56+00:00,34.9,2737,22.77,22.62,59.8,1004.5,-67
node_01,2026-04-16T08:20:56+00:00,34.7,2741,23.04,22.55,52.0,1004.3,-70
node_01,2026-04-16T08:35:56+00:00,34.4,2746,23.73,24.11,54.4,1004.3,-71
node_01,2026-04-16T08:50:56+00:00,34.1,2751,25.52,25.05,48.1,1004.4,-56
node_01,2026-04-16T09:05:56+00:00,33.8,2756,24.88,25.45,50.3,1004.1,-55
node_01,2026-04-16T09:20:56+00:00,33.6,2762,25.46,25.19,52.9,1004.0,-66
node_01,2026-04-16T09:35:56+00:00,33.3,2768,26.4,26.16,42.2,1004.1,-69
node_01,2026-04-16T09:50:56+00:00,33.0,2773,26.62,26.42,48.1,1004.3,-55
node_01,2026-04-16T10:05:56+00:00,32.7,2779,26.67,26.5,48.6,1003.9,-56
node_01,2026-04-16T10:20:56+00:00,32.3,2785,27.36,27.14,48.0,1003.9,-77
node_01,2026-04-16T10:35:56+00:00,32.0,2791,27.58,27.51,42.8,1003.8,-65
node_01,2026-04-16T10:50:56+00:00,31.7,2798,28.01,27.86,47.9,1003.8,-61
node_01,2026-04-16T11:05:56+00:00,31.3,2804,28.85,28.34,42.6,1003.5,-63
node_01,2026-04-16T11:20:56+00:00,31.0,2811,28.71,28.65,43.5,1003.7,-58
node_01,2026-04-16T11:35:56+00:00,30.6,2818,29.95,29.77,42.0,1003.6,-55
node_01,2026-04-16T11:50:56+00:00,30.2,2825,29.46,29.37,34.4,1003.7,-73
node_01,2026-04-16T12:05:56+00:00,29.9,2832,30.0,29.55,39.7,1003.9,-73
node_01,2026-04-16T12:20:56+00:00,29.4,2840,31.09,30.82,34.3,1004.3,-78
node_01,2026-04-16T12:35:56+00:00,29.1,2847,30.21,30.09,43.4,1004.4,-64
node_01,2026-04-16T12:50:56+00:00,28.7,2855,31.05,31.08,37.1,1004.0,-62
node_01,2026-04-16T13:05:56+00:00,28.3,2862,30.45,30.57,39.3,1004.1,-64
node_01,2026-04-16T13:20:56+00:00,27.9,2869,30.45,30.47,35.0,1004.2,-69
node_01,2026-04-16T13:35:56+00:00,27.5,2877,30.3,30.83,37.2,1004.4,-66
node_01,2026-04-16T13:50:56+00:00,27.1,2884,31.19,31.42,33.8,1004.7,-73
node_01,2026-04-16T14:05:56+00:00,26.7,2892,31.44,31.42,36.0,1004.7,-66
node_01,2026-04-16T14:20:56+00:00,26.3,2899,31.03,30.96,42.4,1004.9,-55
node_01,2026-04-16T14:35:56+00:00,25.9,2907,30.64,30.81,37.4,1004.8,-57
node_01,2026-04-16T14:50:56+00:00,25.5,2914,31.09,31.29,39.0,1004.6,-56
node_01,2026-04-16T15:05:56+00:00,25.1,2922,30.79,30.25,33.5,1004.3,-67
node_01,2026-04-16T15:20:56+00:00,24.7,2929,30.36,30.48,37.7,1004.3,-55
node_01,2026-04-16T15:35:56+00:00,24.4,2937,30.77,30.14,37.9,1004.2,-61
node_01,2026-04-16T15:50:56+00:00,24.0,2944,30.41,29.96,33.7,1004.2,-59
node_01,2026-04-16T16:05:56+00:00,23.6,2952,30.04,30.2,39.0,1003.9,-76
node_01,2026-04-16T16:20:56+00:00,23.2,2959,29.82,29.25,39.7,1004.1,-72
node_01,2026-04-16T16:35:56+00:00,22.8,2965,29.15,29.47,41.4,1004.0,-75
node_01,2026-04-16T16:50:56+00:00,22.5,2972,28.75,28.8,38.8,1003.6,-64
node_01,2026-04-16T17:05:56+00:00,22.1,2979,28.83,28.8,39.9,1003.4,-77
node_01,2026-04-16T17:20:56+00:00,21.8,2985,27.73,27.79,44.0,1003.4,-70
node_01,2026-04-16T17:35:56+00:00,21.4,2992,28.16,28.12,40.1,1003.3,-67
node_01,2026-04-16T17:50:56+00:00,21.1,2998,27.32,27.56,43.1,1003.7,-63
node_01,2026-04-16T18:05:56+00:00,20.8,3004,27.44,26.93,47.0,1003.7,-55
node_01,2026-04-16T18:20:56+00:00,20.5,3010,26.33,26.31,46.7,1003.9,-66
node_01,2026-04-16T18:35:56+00:00,20.2,3015,25.68,25.36,54.0,1003.8,-58
node_01,2026-04-16T18:50:56+00:00,19.9,3021,25.76,25.75,49.4,1004.0,-74
node_01,2026-04-16T19:05:56+00:00,19.7,3026,25.1,25.1,50.1,1004.0,-69
node_01,2026-04-16T19:20:56+00:00,19.4,3031,24.02,24.15,56.1,1003.9,-71
node_01,2026-04-16T19:35:56+00:00,19.2,3035,24.14,24.84,57.4,1003.8,-55
node_01,2026-04-16T19:50:56+00:00,18.9,3040,23.63,23.28,55.2,1003.7,-78
node_01,2026-04-16T20:05:56+00:00,18.7,3044,23.12,22.94,58.3,1003.5,-57
node_01,2026-04-16T20:20:56+00:00,18.5,3048,22.57,22.26,57.7,1003.5,-71
node_01,2026-04-16T20:35:56+00:00,18.3,3052,21.45,21.28,60.1,1003.5,-69
node_01,2026-04-16T20:50:56+00:00,18.1,3055,21.68,21.5,67.4,1003.2,-57
node_01,2026-04-16T21:05:56+00:00,17.9,3059,21.22,20.61,59.9,1003.7,-62
node_01,2026-04-16T21:20:56+00:00,17.7,3062,20.68,20.95,65.8,1004.1,-55
node_01,2026-04-16T21:35:56+00:00,17.6,3066,20.62,20.77,61.2,1003.9,-67
node_01,2026-04-16T21:50:56+00:00,17.4,3069,20.24,19.98,62.8,1003.9,-65
node_01,2026-04-16T22:05:56+00:00,17.3,3072,18.95,19.3,69.0,1004.0,-71
node_01,2026-04-16T22:20:56+00:00,17.1,3074,19.01,18.49,65.4,1003.9,-77
node_01,2026-04-16T22:35:56+00:00,17.0,3077,17.44,17.38,68.4,1003.8,-71
node_01,2026-04-16T22:50:56+00:00,16.9,3079,18.01,18.17,72.7,1004.0,-67
node_01,2026-04-16T23:05:56+00:00,16.8,3081,18.2,18.42,72.2,1004.1,-57
node_01,2026-04-16T23:20:56+00:00,16.7,3083,17.23,17.47,71.4,1004.4,-60
node_01,2026-04-16T23:35:56+00:00,16.5,3085,16.93,17.01,68.9,1004.0,-68
node_01,2026-04-16T23:50:56+00:00,16.5,3086,16.44,16.63,80.1,1004.0,-55
node_01,2026-04-17T00:05:56+00:00,16.4,3088,17.64,17.67,78.8,1003.9,-59
node_01,2026-04-17T00:20:56+00:00,16.3,3090,16.13,16.4,71.8,1003.9,-69
node_01,2026-04-17T00:35:56+00:00,16.2,3091,15.69,15.88,78.3,1003.8,-62
node_01,2026-04-17T00:50:56+00:00,16.1,3093,16.23,15.77,72.2,1003.9,-68
node_01,2026-04-17T01:05:56+00:00,16.1,3094,16.1,16.3,73.3,1003.7,-71
node_01,2026-04-17T01:20:56+00:00,16.0,3096,15.67,15.54,75.3,1003.4,-55
node_01,2026-04-17T01:35:56+00:00,15.9,3097,15.41,15.67,77.3,1003.4,-71
node_01,2026-04-17T01:50:56+00:00,15.9,3098,15.0,14.79,77.5,1003.3,-63
node_01,2026-04-17T02:05:56+00:00,15.8,3100,16.15,16.16,73.7,1003.2,-67
node_01,2026-04-17T02:20:56+00:00,15.7,3101,15.94,15.99,79.3,1002.7,-61
node_01,2026-04-17T02:35:56+00:00,15.6,3103,16.71,16.62,72.8,1002.3,-76
node_01,2026-04-17T02:50:56+00:00,15.5,3104,16.37,16.07,72.6,1002.4,-58
node_01,2026-04-17T03:05:56+00:00,15.5,3106,16.03,16.05,79.6,1002.6,-67
node_01,2026-04-17T03:20:56+00:00,15.4,3107,16.66,16.39,74.9,1003.0,-57
node_01,2026-04-17T03:35:56+00:00,15.3,3109,16.29,16.28,74.3,1003.0,-62
node_01,2026-04-17T03:50:56+00:00,15.2,3111,16.49,16.84,70.1,1002.9,-56
node_01,2026-04-17T04:05:56+00:00,15.1,3113,16.52,16.44,68.9,1003.0,-75
node_01,2026-04-17T04:20:56+00:00,15.0,3114,16.85,16.7,72.5,1002.9,-67
node_01,2026-04-17T04:35:56+00:00,15.0,3115,17.43,17.65,74.4,1002.8,-60
node_01,2026-04-17T04:50:56+00:00,15.0,3115,17.85,18.39,75.0,1002.6,-76
node_01,2026-04-17T05:05:56+00:00,15.0,3115,17.76,17.62,65.7,1002.6,-66
node_01,2026-04-17T05:20:56+00:00,15.0,3115,18.28,17.93,71.7,1002.4,-76
node_01,2026-04-17T05:35:56+00:00,15.0,3115,18.61,18.23,68.5,1002.5,-75
node_01,2026-04-17T05:50:56+00:00,15.0,3115,20.18,20.83,60.4,1002.5,-56
node_01,2026-04-17T06:05:56+00:00,15.0,3115,20.29,20.32,62.1,1002.6,-70
node_01,2026-04-17T06:20:56+00:00,15.0,3115,20.83,20.98,60.6,1003.1,-68
node_01,2026-04-17T06:35:56+00:00,15.0,3115,21.18,21.62,62.2,1003.3,-66
node_01,2026-04-17T06:50:56+00:00,15.0,3115,21.72,21.57,59.6,1003.1,-66
node_01,2026-04-17T07:05:56+00:00,15.0,3115,21.72,22.04,57.4,1002.8,-56
node_01,2026-04-17T07:20:56+00:00,15.0,3115,22.38,22.37,55.5,1002.9,-65
node_01,2026-04-17T07:35:56+00:00,15.0,3115,23.01,22.76,58.7,1002.7,-59
node_01,2026-04-17T07:50:56+00:00,15.0,3115,22.98,23.02,60.7,1002.8,-64
node_01,2026-04-17T08:05:56+00:00,15.0,3115,23.69,23.57,55.9,1003.0,-57
node_01,2026-04-17T08:20:56+00:00,15.0,3115,24.26,24.01,52.8,1003.0,-71
node_01,2026-04-17T08:35:56+00:00,15.0,3115,25.09,25.48,51.1,1003.2,-58
node_01,2026-04-17T08:50:56+00:00,15.0,3115,25.88,25.98,52.8,1003.2,-69
node_01,2026-04-17T09:05:56+00:00,15.0,3115,25.54,25.62,52.9,1003.2,-65
node_01,2026-04-17T09:20:56+00:00,15.0,3115,26.2,26.24,50.7,1003.2,-67
node_01,2026-04-17T09:35:56+00:00,15.0,3115,26.68,26.09,47.0,1003.3,-78
node_01,2026-04-17T09:50:56+00:00,15.0,3115,27.57,27.89,49.0,1003.7,-71
node_01,2026-04-17T10:05:56+00:00,15.0,3115,27.92,28.03,44.4,1003.6,-69
node_01,2026-04-17T10:20:56+00:00,15.0,3115,28.56,28.77,45.3,1003.7,-69
node_01,2026-04-17T10:35:56+00:00,15.0,3115,28.86,29.09,43.0,1003.7,-58
node_01,2026-04-17T10:50:56+00:00,15.0,3115,28.88,28.92,42.9,1003.5,-78
node_01,2026-04-17T11:05:56+00:00,15.0,3115,30.16,29.79,38.8,1003.3,-68
node_01,2026-04-17T11:20:56+00:00,15.0,3115,29.78,29.39,41.7,1003.4,-59
node_01,2026-04-17T11:35:56+00:00,15.0,3115,30.74,30.68,40.1,1003.5,-68
node_01,2026-04-17T11:50:56+00:00,15.0,3115,31.0,31.44,40.2,1003.4,-58
node_01,2026-04-17T12:05:56+00:00,15.0,3115,30.58,30.87,38.8,1003.4,-66
node_01,2026-04-17T12:20:56+00:00,15.0,3115,30.74,31.72,43.4,1003.6,-73
node_01,2026-04-17T12:35:56+00:00,15.0,3115,31.36,31.26,33.2,1003.8,-56
node_01,2026-04-17T12:50:56+00:00,15.0,3115,31.93,31.84,40.4,1003.9,-65
node_01,2026-04-17T13:05:56+00:00,15.0,3115,31.81,32.02,34.0,1003.8,-74
node_01,2026-04-17T13:20:56+00:00,15.0,3115,31.88,32.29,30.1,1004.4,-63
node_01,2026-04-17T13:35:56+00:00,15.0,3115,31.68,31.4,34.0,1004.7,-65
node_01,2026-04-17T13:50:56+00:00,15.0,3115,31.49,31.98,34.8,1004.5,-61
node_01,2026-04-17T14:05:56+00:00,15.0,3115,31.45,31.59,32.7,1004.6,-57
node_01,2026-04-17T14:20:56+00:00,15.0,3115,31.82,32.05,38.9,1005.1,-57
node_01,2026-04-17T14:35:56+00:00,15.0,3115,31.49,31.95,30.0,1005.0,-75
node_01,2026-04-17T14:50:56+00:00,15.0,3115,32.34,32.32,34.3,1004.7,-60
node_01,2026-04-17T15:05:56+00:00,15.0,3115,31.81,32.05,33.5,1004.6,-57
node_01,2026-04-17T15:20:56+00:00,15.0,3115,31.37,31.42,34.7,1004.5,-75
node_01,2026-04-17T15:35:56+00:00,15.0,3115,31.33,31.62,43.1,1004.9,-55
node_01,2026-04-17T15:50:56+00:00,15.0,3115,31.59,31.65,38.0,1004.7,-63
node_01,2026-04-17T16:05:56+00:00,15.0,3115,31.02,30.7,38.6,1004.7,-76
node_01,2026-04-17T16:20:56+00:00,15.0,3115,30.63,31.01,43.6,1005.0,-58
node_01,2026-04-17T16:35:56+00:00,15.0,3115,31.11,30.9,40.6,1005.3,-62
node_01,2026-04-17T16:50:56+00:00,15.0,3115,30.33,30.05,40.7,1004.8,-71
node_01,2026-04-17T17:05:56+00:00,15.0,3115,30.04,30.44,35.9,1004.9,-66
node_01,2026-04-17T17:20:56+00:00,15.0,3115,30.04,30.42,40.7,1005.0,-66
node_01,2026-04-17T17:35:56+00:00,15.0,3115,29.37,29.83,41.6,1005.0,-76
node_01,2026-04-17T17:50:56+00:00,15.0,3115,28.04,27.97,42.4,1004.8,-72
node_01,2026-04-17T18:05:56+00:00,15.0,3115,27.93,27.66,45.8,1004.9,-58
node_01,2026-04-17T18:20:56+00:00,15.0,3115,27.63,27.72,48.7,1004.8,-67
node_01,2026-04-17T18:35:56+00:00,15.0,3115,27.63,27.19,42.5,1005.0,-69
node_01,2026-04-17T18:50:56+00:00,15.0,3115,27.3,27.07,44.8,1004.9,-71
node_01,2026-04-17T19:05:56+00:00,15.0,3115,26.25,25.92,51.2,1004.8,-65
node_01,2026-04-17T19:20:56+00:00,15.0,3115,25.41,25.57,49.2,1004.6,-61
node_01,2026-04-17T19:35:56+00:00,15.0,3115,25.13,25.13,48.1,1004.9,-63
node_01,2026-04-17T19:50:56+00:00,15.0,3115,24.76,24.41,55.0,1005.0,-67
node_01,2026-04-17T20:05:56+00:00,15.0,3115,24.75,25.03,52.1,1005.1,-61
node_01,2026-04-17T20:20:56+00:00,15.0,3115,23.34,23.05,56.5,1005.0,-64
node_01,2026-04-17T20:35:56+00:00,15.0,3115,23.13,23.23,57.3,1005.3,-69
node_01,2026-04-17T20:50:56+00:00,15.0,3115,23.07,23.58,57.8,1005.2,-60
node_01,2026-04-17T21:05:56+00:00,15.0,3115,22.27,22.22,54.2,1005.1,-75
node_01,2026-04-17T21:20:56+00:00,15.0,3115,21.76,21.74,64.3,1005.4,-77
node_01,2026-04-17T21:35:56+00:00,15.0,3115,21.37,21.68,58.3,1005.4,-55
node_01,2026-04-17T21:50:56+00:00,15.0,3115,21.2,22.3,57.6,1005.2,-64
node_01,2026-04-17T22:05:56+00:00,15.0,3115,20.37,20.69,70.0,1005.6,-75
node_01,2026-04-17T22:20:56+00:00,15.0,3115,20.06,19.69,62.7,1005.7,-67
node_01,2026-04-17T22:35:56+00:00,15.0,3115,19.96,20.14,61.9,1005.4,-72
node_01,2026-04-17T22:50:56+00:00,15.0,3115,19.5,19.34,61.2,1005.2,-59
node_01,2026-04-17T23:05:56+00:00,15.0,3115,18.52,18.28,68.1,1005.1,-70
node_01,2026-04-17T23:20:56+00:00,15.0,3115,18.98,18.66,66.5,1005.4,-74
node_01,2026-04-17T23:35:56+00:00,15.0,3115,18.89,18.44,66.5,1006.0,-58
node_01,2026-04-17T23:50:56+00:00,15.0,3115,18.49,18.96,73.1,1006.0,-71
node_01,2026-04-18T00:05:56+00:00,15.0,3115,17.72,17.74,66.2,1005.7,-70
node_01,2026-04-18T00:20:56+00:00,15.0,3115,17.18,17.42,70.0,1006.0,-76
node_01,2026-04-18T00:35:56+00:00,15.0,3115,16.71,16.13,76.1,1005.9,-64
node_01,2026-04-18T00:50:56+00:00,15.0,3115,17.43,17.44,70.6,1006.2,-55
node_01,2026-04-18T01:05:56+00:00,15.0,3115,17.86,17.51,74.8,1006.0,-76
node_01,2026-04-18T01:20:56+00:00,15.0,3115,16.99,16.87,69.6,1006.4,-63
node_01,2026-04-18T01:35:56+00:00,15.0,3115,16.72,17.06,78.8,1006.3,-60
node_01,2026-04-18T01:50:56+00:00,15.0,3115,17.21,16.89,67.8,1006.5,-77
node_01,2026-04-18T02:05:56+00:00,15.0,3115,17.36,17.4,74.7,1006.4,-73
node_01,2026-04-18T02:20:56+00:00,15.0,3115,16.82,16.76,73.0,1006.6,-56
node_01,2026-04-18T02:35:56+00:00,15.0,3115,17.6,18.18,67.7,1006.4,-70
node_01,2026-04-18T02:50:56+00:00,15.0,3115,17.33,17.55,73.2,1006.7,-58
node_01,2026-04-18T03:05:56+00:00,15.0,3115,17.36,17.8,74.2,1006.6,-71
node_01,2026-04-18T03:20:56+00:00,15.0,3115,17.17,17.29,72.6,1006.7,-76
node_01,2026-04-18T03:35:56+00:00,15.0,3115,17.73,17.7,72.3,1006.7,-56
node_01,2026-04-18T03:50:56+00:00,15.0,3115,17.67,17.31,72.1,1006.9,-63
node_01,2026-04-18T04:05:56+00:00,15.0,3115,18.4,18.26,70.3,1006.9,-68
node_01,2026-04-18T04:20:56+00:00,15.0,3115,18.12,18.49,71.6,1006.6,-74
node_01,2026-04-18T04:35:56+00:00,15.0,3115,18.29,18.46,65.8,1006.8,-59
node_01,2026-04-18T04:50:56+00:00,15.0,3115,18.77,18.36,65.5,1006.8,-74
node_01,2026-04-18T05:05:56+00:00,15.0,3115,19.89,19.96,63.3,1006.6,-75
node_01,2026-04-18T05:20:56+00:00,15.0,3115,19.94,19.66,66.3,1006.6,-65
node_01,2026-04-18T05:35:56+00:00,15.0,3115,20.15,20.27,66.1,1006.6,-61
node_01,2026-04-18T05:50:56+00:00,15.0,3115,20.16,20.86,61.8,1006.5,-78
node_01,2026-04-18T06:05:56+00:00,15.0,3115,21.48,21.82,57.7,1006.4,-62
node_01,2026-04-18T06:20:56+00:00,15.0,3115,21.77,21.35,63.3,1006.2,-71
node_01,2026-04-18T06:35:56+00:00,15.0,3115,21.92,21.92,60.3,1006.0,-62
node_01,2026-04-18T06:50:56+00:00,15.0,3115,22.67,22.87,58.0,1005.8,-66
node_01,2026-04-18T07:05:56+00:00,15.0,3115,23.47,23.81,53.3,1005.6,-63
node_01,2026-04-18T07:20:56+00:00,15.0,3115,24.32,24.33,52.7,1005.7,-70
node_01,2026-04-18T07:35:56+00:00,15.0,3115,24.38,24.29,60.7,1005.9,-69
node_01,2026-04-18T07:50:56+00:00,15.0,3115,24.4,24.64,51.4,1005.6,-76
node_01,2026-04-18T08:05:56+00:00,15.0,3115,24.95,25.05,49.8,1005.7,-76
node_01,2026-04-18T08:20:56+00:00,15.0,3115,25.53,25.18,51.0,1005.8,-66
node_01,2026-04-18T08:35:56+00:00,15.0,3115,25.75,25.4,48.0,1005.6,-69
node_01,2026-04-18T08:50:56+00:00,15.0,3115,26.65,26.57,43.8,1005.6,-76
node_01,2026-04-18T09:05:56+00:00,15.0,3115,27.55,27.49,45.4,1005.6,-57
node_01,2026-04-18T09:20:56+00:00,15.0,3115,27.85,28.17,40.4,1005.8,-56
node_01,2026-04-18T09:35:56+00:00,15.0,3115,28.85,29.15,43.1,1005.7,-55
node_01,2026-04-18T09:50:56+00:00,15.0,3115,28.85,28.24,45.8,1005.7,-55
node_01,2026-04-18T10:05:56+00:00,15.0,3115,29.86,29.96,37.0,1006.0,-70
node_01,2026-04-18T10:20:56+00:00,15.0,3115,29.48,29.41,41.0,1006.3,-63
node_01,2026-04-18T10:35:56+00:00,15.0,3115,29.86,29.86,41.1,1006.1,-67
node_01,2026-04-18T10:50:56+00:00,15.0,3115,31.01,30.73,41.8,1006.3,-75
node_01,2026-04-18T11:05:56+00:00,15.0,3115,31.08,31.24,40.8,1006.7,-71
node_01,2026-04-18T11:20:56+00:00,15.0,3115,31.74,31.65,36.5,1006.8,-77
node_01,2026-04-18T11:35:56+00:00,15.0,3115,30.88,30.56,35.6,1006.8,-68
node_01,2026-04-18T11:50:56+00:00,15.0,3115,32.03,32.54,41.6,1006.6,-60
node_01,2026-04-18T12:05:56+00:00,15.0,3115,31.97,31.86,37.6,1006.7,-62
node_01,2026-04-18T12:20:56+00:00,15.0,3115,33.54,33.68,30.3,1006.9,-69
node_01,2026-04-18T12:35:56+00:00,15.0,3115,32.82,32.99,30.4,1007.1,-67
node_01,2026-04-18T12:50:56+00:00,15.0,3115,33.11,33.51,35.9,1007.0,-64
node_01,2026-04-18T13:05:56+00:00,15.0,3115,32.39,32.38,39.9,1007.4,-55
node_01,2026-04-18T13:20:56+00:00,15.0,3115,33.78,33.81,27.6,1007.4,-65
node_01,2026-04-18T13:35:56+00:00,15.0,3115,33.81,33.46,31.0,1007.2,-78
node_01,2026-04-18T13:50:56+00:00,15.0,3115,33.39,32.9,31.5,1006.9,-55
node_01,2026-04-18T14:05:56+00:00,15.0,3115,33.29,33.26,33.7,1007.2,-77
node_01,2026-04-18T14:20:56+00:00,15.0,3115,33.59,33.68,30.7,1007.1,-71
node_01,2026-04-18T14:35:56+00:00,15.0,3115,33.71,33.43,28.5,1007.1,-55
node_01,2026-04-18T14:50:56+00:00,15.0,3115,33.39,33.8,32.2,1007.3,-76
node_01,2026-04-18T15:05:56+00:00,15.0,3115,33.0,32.86,31.9,1007.3,-69
node_01,2026-04-18T15:20:56+00:00,15.0,3115,32.94,32.5,35.2,1007.4,-55
node_01,2026-04-18T15:35:56+00:00,15.0,3115,32.58,33.3,36.5,1007.4,-74
node_01,2026-04-18T15:50:56+00:00,15.0,3115,32.67,32.82,29.4,1007.5,-64
node_01,2026-04-18T16:05:56+00:00,15.0,3115,32.25,32.65,35.8,1007.3,-64
node_01,2026-04-18T16:20:56+00:00,15.0,3115,31.94,32.06,37.3,1007.4,-57
node_01,2026-04-18T16:35:56+00:00,15.0,3115,31.54,31.42,40.6,1007.3,-68
node_01,2026-04-18T16:50:56+00:00,15.0,3115,31.8,31.74,39.3,1007.4,-77
node_01,2026-04-18T17:05:56+00:00,15.0,3115,30.93,30.93,35.6,1007.5,-66
node_01,2026-04-18T17:20:56+00:00,15.0,3115,31.0,30.96,34.5,1007.4,-75
node_01,2026-04-18T17:35:56+00:00,15.0,3115,30.37,30.41,37.5,1007.8,-71
node_01,2026-04-18T17:50:56+00:00,15.0,3115,30.38,30.69,43.1,1007.6,-58
node_01,2026-04-18T18:05:56+00:00,15.0,3115,29.89,29.84,42.3,1007.7,-76
node_01,2026-04-18T18:20:56+00:00,15.0,3115,29.17,29.04,46.2,1007.7,-68
node_01,2026-04-18T18:35:56+00:00,15.0,3115,29.2,29.41,47.0,1008.1,-65
node_01,2026-04-18T18:50:56+00:00,15.0,3115,28.21,28.29,41.8,1008.4,-73
node_01,2026-04-18T19:05:56+00:00,15.0,3115,27.01,27.33,52.7,1008.4,-74
node_01,2026-04-18T19:20:56+00:00,15.0,3115,27.58,27.83,46.9,1008.4,-65
node_01,2026-04-18T19:35:56+00:00,15.0,3115,26.87,27.03,45.5,1008.6,-65
node_01,2026-04-18T19:50:56+00:00,15.0,3115,26.28,26.22,55.2,1008.3,-61
node_01,2026-04-18T20:05:56+00:00,15.0,3115,25.85,25.57,41.7,1008.3,-61
node_01,2026-04-18T20:20:56+00:00,15.0,3115,25.07,24.97,49.6,1008.2,-70
node_01,2026-04-18T20:35:56+00:00,15.0,3115,24.65,25.27,55.8,1008.2,-70
node_01,2026-04-18T20:50:56+00:00,15.0,3115,25.15,25.05,55.5,1007.9,-71
node_01,2026-04-18T21:05:56+00:00,15.0,3115,23.68,23.48,55.6,1007.8,-55
node_01,2026-04-18T21:20:56+00:00,15.0,3115,24.27,24.84,57.8,1007.9,-66
node_01,2026-04-18T21:35:56+00:00,15.0,3115,22.07,21.92,64.4,1008.0,-60
node_01,2026-04-18T21:50:56+00:00,15.0,3115,21.81,22.12,64.9,1007.8,-56
node_01,2026-04-18T22:05:56+00:00,15.0,3115,21.34,21.19,54.7,1007.6,-72
node_01,2026-04-18T22:20:56+00:00,15.0,3115,21.59,21.52,56.3,1007.8,-73
node_01,2026-04-18T22:35:56+00:00,15.0,3115,20.63,20.84,63.5,1007.8,-62
node_01,2026-04-18T22:50:56+00:00,15.0,3115,20.06,19.71,65.2,1007.5,-68
node_01,2026-04-18T23:05:56+00:00,15.0,3115,19.87,19.65,58.7,1007.6,-78
node_01,2026-04-18T23:20:56+00:00,15.0,3115,20.1,20.21,68.5,1007.7,-62
node_01,2026-04-18T23:35:56+00:00,15.0,3115,20.06,20.57,59.0,1007.4,-66
node_01,2026-04-18T23:50:56+00:00,15.0,3115,18.82,19.55,66.6,1007.1,-55
node_01,2026-04-19T00:05:56+00:00,15.0,3115,19.55,19.44,64.5,1007.4,-73
node_01,2026-04-19T00:20:56+00:00,15.0,3115,18.51,18.25,65.0,1007.6,-67
node_01,2026-04-19T00:35:56+00:00,15.0,3115,18.55,18.77,72.6,1007.7,-56
node_01,2026-04-19T00:50:56+00:00,15.0,3115,18.23,18.23,71.2,1008.0,-60
node_01,2026-04-19T01:05:56+00:00,15.0,3115,17.17,17.15,78.2,1008.1,-59
node_01,2026-04-19T01:20:56+00:00,15.0,3115,17.77,17.49,75.5,1007.8,-75
node_01,2026-04-19T01:35:56+00:00,15.0,3115,18.21,17.99,68.8,1007.8,-68
node_01,2026-04-19T01:50:56+00:00,15.0,3115,18.39,18.64,74.4,1008.1,-58
node_01,2026-04-19T02:05:56+00:00,15.0,3115,17.94,17.96,67.5,1008.2,-56
node_01,2026-04-19T02:20:56+00:00,15.0,3115,18.31,18.32,70.2,1008.2,-66
node_01,2026-04-19T02:35:56+00:00,15.0,3115,17.72,17.99,71.9,1008.4,-66
node_01,2026-04-19T02:50:56+00:00,15.0,3115,17.98,17.52,72.4,1008.5,-60
node_01,2026-04-19T03:05:56+00:00,15.0,3115,18.0,18.1,66.3,1008.6,-77
node_01,2026-04-19T03:20:56+00:00,15.0,3115,18.43,18.4,71.4,1008.6,-73
node_01,2026-04-19T03:35:56+00:00,15.0,3115,18.92,19.25,66.5,1009.1,-76
node_01,2026-04-19T03:50:56+00:00,15.0,3115,18.37,18.08,76.5,1009.3,-65
node_01,2026-04-19T04:05:56+00:00,15.0,3115,19.47,19.36,65.7,1009.4,-75
node_01,2026-04-19T04:20:56+00:00,15.0,3115,19.02,19.22,74.5,1009.2,-55
node_01,2026-04-19T04:35:56+00:00,15.0,3115,19.3,19.43,65.6,1009.2,-66
node_01,2026-04-19T04:50:56+00:00,15.0,3115,19.54,19.77,63.7,1009.3,-65
node_01,2026-04-19T05:05:56+00:00,15.0,3115,21.24,21.0,64.8,1009.1,-75
node_01,2026-04-19T05:20:56+00:00,15.0,3115,21.25,21.37,62.2,1009.1,-69
node_01,2026-04-19T05:35:56+00:00,15.0,3115,21.53,21.39,57.9,1009.2,-66
node_01,2026-04-19T05:50:56+00:00,27.5,2878,22.21,22.45,80.2,1009.1,-71
node_01,2026-04-19T06:05:56+00:00,41.9,2603,22.61,22.98,70.2,1009.2,-61
node_01,2026-04-19T06:20:56+00:00,41.7,2607,22.24,22.35,62.0,1009.2,-66
node_01,2026-04-19T06:35:56+00:00,41.5,2612,23.49,23.35,53.4,1008.9,-63
node_01,2026-04-19T06:50:56+00:00,41.2,2616,23.56,23.84,55.1,1008.8,-56
node_01,2026-04-19T07:05:56+00:00,41.0,2621,24.84,24.8,53.7,1008.5,-59
node_01,2026-04-19T07:20:56+00:00,40.7,2626,25.45,25.68,57.2,1008.1,-73
node_01,2026-04-19T07:35:56+00:00,40.4,2632,26.11,26.33,48.8,1008.2,-57
node_01,2026-04-19T07:50:56+00:00,40.1,2637,24.66,24.26,57.4,1008.0,-70
node_01,2026-04-19T08:05:56+00:00,39.9,2642,26.19,26.07,53.9,1008.0,-61
node_01,2026-04-19T08:20:56+00:00,39.6,2648,26.71,27.04,49.8,1007.9,-78
node_01,2026-04-19T08:35:56+00:00,39.2,2654,27.66,27.61,41.8,1007.7,-65
node_01,2026-04-19T08:50:56+00:00,38.9,2660,28.36,27.98,47.2,1007.3,-75
node_01,2026-04-19T09:05:56+00:00,38.5,2667,29.03,29.18,40.7,1007.4,-61
node_01,2026-04-19T09:20:56+00:00,38.2,2674,29.68,30.12,36.6,1007.4,-60
node_01,2026-04-19T09:35:56+00:00,37.8,2681,29.5,29.66,40.7,1007.4,-59
node_01,2026-04-19T09:50:56+00:00,37.4,2689,29.9,30.27,37.5,1007.1,-56
node_01,2026-04-19T10:05:56+00:00,37.0,2696,30.59,30.28,43.5,1007.4,-78
